{
  "Get Authorized User" : {
    "transaction" : "Get Authorized User",
    "sampleCount" : 17185,
    "errorCount" : 17125,
    "errorPct" : 99.650856,
    "meanResTime" : 1915.3805062554518,
    "medianResTime" : 349.0,
    "minResTime" : 18.0,
    "maxResTime" : 9565.0,
    "pct1ResTime" : 5898.4,
    "pct2ResTime" : 6618.0,
    "pct3ResTime" : 8654.14,
    "throughput" : 333.7930230751301,
    "receivedKBytesPerSec" : 533.9182288429415,
    "sentKBytesPerSec" : 37.08803569434193
  },
  "Total" : {
    "transaction" : "Total",
    "sampleCount" : 17185,
    "errorCount" : 17125,
    "errorPct" : 99.650856,
    "meanResTime" : 1915.3805062554518,
    "medianResTime" : 349.0,
    "minResTime" : 18.0,
    "maxResTime" : 9565.0,
    "pct1ResTime" : 5898.4,
    "pct2ResTime" : 6618.0,
    "pct3ResTime" : 8654.14,
    "throughput" : 333.7930230751301,
    "receivedKBytesPerSec" : 533.9182288429415,
    "sentKBytesPerSec" : 37.08803569434193
  }
}